Query,Assessment_url
I am hiring for Java developers who can also collaborate effectively with my business teams.,https://www.shl.com/products/product-catalog/view/manufacturing-production-team-member/
I am hiring for Java developers who can also collaborate effectively with my business teams.,https://www.shl.com/products/product-catalog/view/industrial-professional-and-skilled-7-1-solution/
I am hiring for Java developers who can also collaborate effectively with my business teams.,https://www.shl.com/products/product-catalog/view/industrial-semi-skilled-7-1-%28americas%29/
I am hiring for Java developers who can also collaborate effectively with my business teams.,https://www.shl.com/products/product-catalog/view/industrial-professional-and-skilled-7-0-solution/
I am hiring for Java developers who can also collaborate effectively with my business teams.,https://www.shl.com/products/product-catalog/view/industrial-professional-and-skilled-7-1-%28americas%29/
I am hiring for Java developers who can also collaborate effectively with my business teams.,https://www.shl.com/products/product-catalog/view/global-skills-development-report/
I am hiring for Java developers who can also collaborate effectively with my business teams.,https://www.shl.com/products/product-catalog/view/industrial-semi-skilled-7-1-%28international%29/
I am hiring for Java developers who can also collaborate effectively with my business teams.,https://www.shl.com/products/product-catalog/view/network-engineeranalyst-solution/
I am hiring for Java developers who can also collaborate effectively with my business teams.,https://www.shl.com/products/product-catalog/view/general-entry-level-all-industries-7-1%28americas%29/
I am hiring for Java developers who can also collaborate effectively with my business teams.,https://www.shl.com/products/product-catalog/view/general-entry-level-all-industries-7-1-solution/
"Looking to hire mid-level professionals who are proficient in Python, SQL and Java Script.",https://www.shl.com/products/product-catalog/view/industrial-professional-and-skilled-7-1-%28americas%29/
"Looking to hire mid-level professionals who are proficient in Python, SQL and Java Script.",https://www.shl.com/products/product-catalog/view/industrial-professional-and-skilled-7-1-solution/
"Looking to hire mid-level professionals who are proficient in Python, SQL and Java Script.",https://www.shl.com/products/product-catalog/view/industrial-professional-and-skilled-7-0-solution/
"Looking to hire mid-level professionals who are proficient in Python, SQL and Java Script.",https://www.shl.com/products/product-catalog/view/industrial-semi-skilled-7-1-%28americas%29/
"Looking to hire mid-level professionals who are proficient in Python, SQL and Java Script.",https://www.shl.com/products/product-catalog/view/general-entry-level-all-industries-7-1%28americas%29/
"Looking to hire mid-level professionals who are proficient in Python, SQL and Java Script.",https://www.shl.com/products/product-catalog/view/industrial-semi-skilled-7-1-%28international%29/
"Looking to hire mid-level professionals who are proficient in Python, SQL and Java Script.",https://www.shl.com/products/product-catalog/view/general-entry-level-all-industries-7-1-solution/
"Looking to hire mid-level professionals who are proficient in Python, SQL and Java Script.",https://www.shl.com/products/product-catalog/view/general-entry-level-all-industries-7-0-solution/
"Looking to hire mid-level professionals who are proficient in Python, SQL and Java Script.",https://www.shl.com/products/product-catalog/view/global-skills-development-report/
"Looking to hire mid-level professionals who are proficient in Python, SQL and Java Script.",https://www.shl.com/products/product-catalog/view/automata-pro-new/
